cause_ID,cause_name
1000001,Miscast
1000002,DarkMagic
1000003,CreatureAttack
1000004,HumanError
1000005,RogueArtifact
1000006,TransfigurationGoneWrong
1000007,PotionMishap
1000008,MuggleInterference
1000009,IllegalApparition
1000010,WeatherPhenomenon
1000011,JinxBackfire
1000012,EnchantmentFailure
1000013,ForbiddenSpellUse
1000014,UnauthorizedPortkey
1000015,SecurityBreach
1000016,VoldemortCurse
1000017,TimeTravelParadox
1000018,DragonBreach
1000019,UncontrolledLevitation
1000020,MemoryCharmFails
1000021,MinistryInternal
1000022,GringottsIncident
1000023,BeastMistreatment
1000024,WandMalfunction
1000025,SquibAccident