location_ID,city,country
9000001,London,UK
9000002,NewYork,USA
9000003,Paris,France
9000004,RioDeJaneiro,Brazil
9000005,Tokyo,Japan
9000006,Moscow,Russia
9000007,Cairo,Egypt
9000008,Sydney,Australia
9000009,Berlin,Germany
9000010,Beijing,China
9000011,Rome,Italy
9000012,Dublin,Ireland
9000013,Edinburgh,UK
9000014,Mumbai,India
9000015,MexicoCity,Mexico
9000016,Istanbul,Turkey
9000017,Toronto,Canada
9000018,Seoul,SKorea
9000019,CapeTown,SAfrica
9000020,Dubai,UAE
9000021,Azkaban,NorthSea
9000022,Hogsmeade,Scotland
9000023,DiagonAlley,London
9000024,Ministry,London
9000025,Hogwarts,Scotland
9000026,GodricsHollow,UK
9000027,TheBurrow,UK
9000028,MalfoyManor,UK
9000029,Grimmauld,London
9000030,Nurmengard,Austria