spell_ID,spell_name,spell_type
100001,Lumos,Charm
100002,Expelliarmus,Jinx
100003,Sectumsempra,Curse
100004,Accio,Charm
100005,Stupefy,Charm
100006,Obliviate,Charm
100007,Crucio,Curse
100008,Imperio,Curse
100009,AvadaKedavra,Curse
100010,Reparo,Charm
100011,Wingardium,Charm
100012,Alohomora,Charm
100013,Reducto,Jinx
100014,Protego,Charm
100015,FiniteInc,Charm
100016,Piertotum,Charm
100017,ExpectoPatro,Charm
100018,Riddikulus,Charm
100019,Anapneo,Healing
100020,Incendio,Charm
100021,Aparecium,Charm
100022,LeekJinx,Jinx
100023,Homenum,Charm
100024,Fidelius,Charm
100025,Muffliato,Charm
100026,Duro,Jinx
100027,Mobilicorpus,Charm
100028,Oppugno,Jinx
100029,PriorIncanto,Charm
100030,Tarantallegra,Jinx