vehicle_ID,wiz_ID,vehicleType
500001,1000001,Broomstick
500002,1000002,Thestral
500003,1000003,FlyingFord
500004,1000004,Carriage
500005,1000005,Broomstick
500006,1000006,ExecutiveBroom
500007,1000007,EnchantedTent
500008,1000008,FlyingCarpet
500009,1000009,MinistryVan
500010,1000010,Thestral
500011,1000011,Broomstick
500012,1000012,Monocycle
500013,1000013,Carriage
500014,1000014,Broomstick
500015,1000015,Unicycle
500016,1000016,Broomstick
500017,1000017,Thestral
500018,1000018,Broomstick
500019,1000019,GringottsCart
500020,1000020,Dragon
500021,1000021,Broomstick
500022,1000022,Carriage
500023,1000023,Ambulance
500024,1000024,Broomstick
500025,1000025,FlyingFord
500026,1000026,Chariot
500027,1000027,Broomstick
500028,1000028,Thestral
500029,1000029,Broomstick
500030,1000030,Unicycle