wiz_ID,wiz_name,age,wiz_role,dept_ID
1000001,HermioneG,45,Investigator,101
1000002,HarryP,46,HeadAuror,109
1000003,RonW,45,Obliviator,105
1000004,LunaL,44,Researcher,103
1000005,NevilleL,47,Specialist,102
1000006,KingsleyS,58,Minister,101
1000007,ArthurW,65,Expert,105
1000008,FleurD,42,Liaison,104
1000009,PercyW,50,Regulator,103
1000010,ChoC,43,Mediator,104
1000011,DeanT,46,Auror,109
1000012,SeamusF,45,VehicleInspect,107
1000013,HannahA,44,Innkeeper,108
1000014,SusanB,45,Jurist,101
1000015,ErnieM,46,Analyst,102
1000016,PadmaP,43,GamesOfficial,108
1000017,ParvatiP,43,Auror,109
1000018,GinevraW,44,Quidditch,108
1000019,BillW,60,CurseBreaker,106
1000020,CharlieW,55,DragonKeeper,103
1000021,ViktorK,48,IntlPlayer,108
1000022,NarcissaM,68,Consultant,102
1000023,AndromedaT,70,Healer,110
1000024,NymphadoraT,48,Auror,109
1000025,MollyW,75,Domestic,105
1000026,GilderoyL,65,Historian,106
1000027,HoraceS,88,PotionsMaster,110
1000028,MinervaM,90,Headmistress,101
1000029,AlbusP,30,Trainee,109
1000030,RoseG,29,Apprentice,101
1000031,ScorpiusM,29,Researcher,106
1000032,TeddyL,35,Protector,109
1000033,VictoireW,32,Translator,104
1000034,LouisW,28,Transport,107
1000035,FredWII,31,JokeInventor,108
1000036,JamesP,33,Auror,109
1000037,LilyP,25,JuniorAnalyst,102
1000038,LorcanL,30,Cryptozoo,103
1000039,LysanderL,30,Plantologist,103
1000040,RoxanneW,32,Obliviator,105
1000041,GeorgeW,55,Entrepreneur,108
1000042,DoloresU,68,Dismissed,101
1000043,RufusS,72,ExMinister,109
1000044,AmeliaB,60,ExHeadDMLE,101
1000045,BartyC,90,Convicted,106
1000046,LuciusM,65,Consultant,102
1000047,SeverusS,55,PotionsMaster,110
1000048,RegulusB,40,Deceased,106
1000049,HestiaJ,50,Guard,101
1000050,DedalusD,75,SecretKeeper,105